,Trait,Correlation
0,Protein,0.4582791914438304
1,Oil,0.47305157134298303
2,Seedsize,0.49388263054729115
3,Height,0.5452239060448592
4,Maturity,0.36364802046145467
